lambda,MFE,CAI
2.000000,-132.600000,0.919479
